IP地址,服务器地址,是否匿名,类型,速度,连接时间,存活时间,验证时间
106.75.226.36:808,山东济南,高匿,HTTPS,5.295秒,1.059秒,59天,2018/11/11 20:31
61.135.217.7:80,北京,高匿,HTTP,0.324秒,0.064秒,912天,2018/11/11 20:31
118.190.95.35:9001,广西,高匿,HTTP,0.052秒,0.01秒,142天,2018/11/11 20:31
61.178.149.237:59042,甘肃白银,高匿,HTTPS,1.809秒,0.361秒,14天,2018/11/11 20:30
183.15.172.23:61430,广东深圳,高匿,HTTPS,0.74秒,0.148秒,3天,2018/11/11 20:22
183.16.19.190:8123,广东深圳,高匿,HTTP,0.421秒,0.084秒,7分钟,2018/11/11 20:22
175.175.217.17:1133,辽宁抚顺,高匿,HTTPS,0.138秒,0.027秒,100天,2018/11/11 20:16
124.235.181.175:80,吉林长春,高匿,HTTP,0.153秒,0.03秒,42天,2018/11/11 20:15
175.148.74.17:1133,辽宁葫芦岛,高匿,HTTPS,0.15秒,0.03秒,4小时,2018/11/11 20:13
114.99.255.134:8118,安徽安庆,高匿,HTTPS,0.139秒,0.027秒,121天,2018/11/11 20:12
125.67.25.83:41681,四川甘孜州,高匿,HTTPS,0.342秒,0.068秒,2天,2018/11/11 20:02
58.53.128.83:3128,湖北潜江,高匿,HTTP,0.102秒,0.02秒,9天,2018/11/11 20:00
115.151.2.176:808,江西宜春,高匿,HTTPS,0.225秒,0.045秒,515天,2018/11/11 19:51
121.31.145.12:8123,广西北海,高匿,HTTP,1.599秒,0.319秒,826天,2018/11/11 19:44
59.110.240.249:8080,广东深圳,高匿,HTTPS,1.47秒,0.294秒,29天,2018/11/11 19:14
58.218.201.188:58093,江苏徐州,高匿,HTTPS,0.176秒,0.035秒,33天,2018/11/11 19:03
106.56.102.159:808,云南,高匿,HTTPS,0.363秒,0.072秒,1小时,2018/11/11 19:02
123.7.61.8:53281,河南洛阳,高匿,HTTPS,1.275秒,0.255秒,214天,2018/11/11 19:02
112.80.198.62:8123,江苏南京,高匿,HTTP,5.081秒,1.016秒,1分钟,2018/11/11 19:00
115.213.177.197:808,浙江丽水,高匿,HTTPS,0.511秒,0.102秒,532天,2018/11/11 19:00
121.225.26.161:3128,江苏南京,高匿,HTTPS,2.617秒,0.523秒,1分钟,2018/11/11 18:55
115.46.71.93:8123,广西南宁,高匿,HTTPS,2.902秒,0.58秒,267天,2018/11/11 18:40
180.110.5.28:3128,江苏南京,高匿,HTTPS,0.349秒,0.069秒,1分钟,2018/11/11 18:33
121.225.25.123:3128,江苏南京,高匿,HTTP,0.4秒,0.08秒,136天,2018/11/11 18:22
114.225.168.24:53128,江苏无锡,高匿,HTTPS,0.377秒,0.075秒,1分钟,2018/11/11 18:11
49.74.170.46:8123,江苏南京,高匿,HTTP,4.497秒,0.899秒,726天,2018/11/11 18:01
113.108.242.36:47713,广东广州,高匿,HTTPS,0.207秒,0.041秒,4天,2018/11/11 17:52
221.229.18.34:3128,江苏扬州,高匿,HTTP,2.358秒,0.471秒,295天,2018/11/11 17:45
110.87.24.106:6666,福建厦门,高匿,HTTP,1.499秒,0.299秒,2分钟,2018/11/11 17:33
222.180.24.13:808,重庆,高匿,HTTP,3.46秒,0.692秒,513天,2018/11/11 17:24
120.69.82.110:44693,新疆石河子,高匿,HTTPS,0.311秒,0.062秒,6天,2018/11/11 17:24
183.45.88.109:61710,广东珠海,高匿,HTTPS,0.842秒,0.168秒,29天,2018/11/11 17:16
113.200.27.10:53281,陕西西安,高匿,HTTPS,0.131秒,0.026秒,109天,2018/11/11 16:44
223.145.212.16:8118,湖南,高匿,HTTPS,0.198秒,0.039秒,2天,2018/11/11 16:15
180.118.241.49:61234,江苏镇江,高匿,HTTP,0.377秒,0.075秒,307天,2018/11/11 16:11
113.88.60.24:8123,广东深圳,高匿,HTTPS,0.243秒,0.048秒,1分钟,2018/11/11 16:01
121.31.141.171:8123,广西北海,高匿,HTTP,0.565秒,0.113秒,771天,2018/11/11 15:51
115.46.97.45:8123,广西南宁,高匿,HTTP,3.606秒,0.721秒,397天,2018/11/11 15:33
171.37.157.187:8123,广西,高匿,HTTP,3.571秒,0.714秒,598天,2018/11/11 15:31
121.31.138.13:8123,广西北海,高匿,HTTPS,0.393秒,0.078秒,30分钟,2018/11/11 15:30
123.235.32.36:38267,山东青岛,高匿,HTTPS,3.908秒,0.781秒,47天,2018/11/11 15:22
110.154.180.212:8118,新疆,高匿,HTTPS,0.333秒,0.066秒,1分钟,2018/11/11 15:22
183.16.226.199:8123,广东深圳,高匿,HTTPS,0.188秒,0.037秒,38分钟,2018/11/11 15:11
221.210.120.153:54402,黑龙江绥化地区,高匿,HTTP,2.225秒,0.445秒,14小时,2018/11/11 15:06
171.37.157.158:8123,广西,高匿,HTTP,0.753秒,0.15秒,1121天,2018/11/11 15:01
101.94.2.184:8123,上海,高匿,HTTPS,1.726秒,0.345秒,1分钟,2018/11/11 15:01
113.105.152.87:41473,广东东莞,高匿,HTTPS,0.232秒,0.046秒,49天,2018/11/11 15:00
218.59.228.18:61976,山东枣庄,高匿,HTTPS,3.116秒,0.623秒,58天,2018/11/11 14:55
60.191.201.38:45461,浙江金华,高匿,HTTPS,0.284秒,0.056秒,61天,2018/11/11 14:45
122.4.247.109:50255,山东潍坊,高匿,HTTPS,0.201秒,0.04秒,5天,2018/11/11 14:22
125.40.109.154:31610,河南洛阳,高匿,HTTP,1.458秒,0.291秒,31天,2018/11/11 14:22
218.65.254.114:8118,广西桂林,高匿,HTTP,0.236秒,0.047秒,24天,2018/11/11 13:45
180.110.6.62:3128,江苏南京,高匿,HTTPS,0.191秒,0.038秒,1分钟,2018/11/11 13:33
180.110.5.189:808,江苏南京,高匿,HTTPS,0.204秒,0.04秒,506天,2018/11/11 13:33
219.238.186.188:8118,北京,高匿,HTTP,2.015秒,0.403秒,92天,2018/11/11 13:23
180.168.13.26:8000,上海,高匿,HTTP,4.068秒,0.813秒,103天,2018/11/11 13:10
182.88.166.202:8123,广西南宁,高匿,HTTP,0.173秒,0.034秒,1分钟,2018/11/11 13:00
171.39.4.86:8123,广西百色,高匿,HTTP,0.257秒,0.051秒,4分钟,2018/11/11 12:50
121.31.160.65:8123,广西北海,高匿,HTTPS,0.721秒,0.144秒,2小时,2018/11/11 12:42
115.29.170.58:8118,北京,高匿,HTTP,0.142秒,0.028秒,811天,2018/11/11 12:36
182.88.215.154:8123,广西南宁,高匿,HTTPS,0.198秒,0.039秒,27天,2018/11/11 12:22
218.86.87.171:53281,福建龙岩,高匿,HTTPS,0.205秒,0.041秒,131天,2018/11/11 12:22
182.88.129.56:8123,广西南宁,高匿,HTTP,0.214秒,0.042秒,4分钟,2018/11/11 12:20
124.42.68.152:90,河北廊坊,高匿,HTTPS,7.773秒,1.554秒,102天,2018/11/11 11:53
58.57.75.142:63000,山东潍坊,高匿,HTTP,0.126秒,0.025秒,1077天,2018/11/11 11:52
221.1.200.242:38652,山东菏泽,高匿,HTTPS,0.116秒,0.023秒,31天,2018/11/11 11:22
60.186.190.194:8118,浙江杭州,高匿,HTTPS,0.166秒,0.033秒,4小时,2018/11/11 11:15
124.235.135.166:80,吉林长春,高匿,HTTP,0.478秒,0.095秒,9天,2018/11/11 11:13
61.187.206.207:46693,湖南娄底市冷水江,高匿,HTTPS,4.125秒,0.825秒,46天,2018/11/11 11:01
110.73.43.185:8123,广西南宁,高匿,HTTP,6.497秒,1.299秒,109天,2018/11/11 11:01
49.71.81.200:3128,江苏苏州,高匿,HTTPS,0.562秒,0.112秒,265天,2018/11/11 10:44
222.128.9.235:59593,北京,高匿,HTTPS,0.032秒,0.006秒,45天,2018/11/11 10:33
183.15.122.29:3128,广东深圳,高匿,HTTP,0.368秒,0.073秒,1分钟,2018/11/11 10:30
180.163.152.130:60596,上海,高匿,HTTPS,0.173秒,0.034秒,31天,2018/11/11 10:22
121.225.24.99:3128,江苏南京,高匿,HTTPS,0.248秒,0.049秒,1分钟,2018/11/11 10:22
221.218.102.146:33323,北京,高匿,HTTPS,0.019秒,0.003秒,46天,2018/11/11 10:22
101.92.200.117:8123,上海,高匿,HTTPS,4.764秒,0.952秒,17天,2018/11/11 10:15
115.46.79.112:8123,广西南宁,高匿,HTTP,0.192秒,0.038秒,1分钟,2018/11/11 10:15
222.184.7.206:40908,江苏淮安,高匿,HTTP,0.159秒,0.031秒,3天,2018/11/11 10:15
123.132.232.254:37638,山东临沂,高匿,HTTPS,2.389秒,0.477秒,48天,2018/11/11 10:11
115.46.98.27:8123,广西南宁,高匿,HTTPS,3.267秒,0.653秒,160天,2018/11/11 10:11
58.210.136.83:52570,江苏苏州,高匿,HTTPS,0.183秒,0.036秒,52天,2018/11/11 10:00
60.166.121.88:8118,安徽合肥,高匿,HTTPS,4.414秒,0.882秒,1天,2018/11/11 9:55
60.173.244.133:41306,安徽合肥市巢湖,高匿,HTTPS,0.186秒,0.037秒,45天,2018/11/11 9:46
119.254.94.105:58999,北京,高匿,HTTPS,3.252秒,0.65秒,31天,2018/11/11 9:44
112.86.0.162:53281,江苏苏州,高匿,HTTPS,0.184秒,0.036秒,12天,2018/11/11 9:33
117.114.149.10:43727,北京,高匿,HTTP,6.549秒,1.309秒,36天,2018/11/11 9:33
61.133.245.70:35652,青海,高匿,HTTPS,0.192秒,0.038秒,48天,2018/11/11 9:33
115.46.66.14:8123,广西南宁,高匿,HTTP,0.189秒,0.037秒,1分钟,2018/11/11 9:30
115.46.97.157:8123,广西南宁,高匿,HTTPS,1.857秒,0.371秒,1分钟,2018/11/11 9:22
222.135.92.68:38094,山东威海,高匿,HTTPS,0.112秒,0.022秒,1天,2018/11/11 9:14
183.172.225.7:8118,北京,高匿,HTTP,6.515秒,1.303秒,6小时,2018/11/11 9:03
183.15.123.82:3128,广东深圳,高匿,HTTP,3.281秒,0.656秒,1分钟,2018/11/11 8:30
180.110.5.226:3128,江苏南京,高匿,HTTPS,0.236秒,0.047秒,1分钟,2018/11/11 8:22
221.7.162.87:8123,广西百色,高匿,HTTP,5.962秒,1.192秒,1001天,2018/11/11 8:20
60.217.64.237:31923,山东威海,高匿,HTTP,4.966秒,0.993秒,4天,2018/11/11 8:01
111.75.223.9:35918,江西,高匿,HTTP,3.14秒,0.628秒,35天,2018/11/11 8:00
119.254.94.71:42788,北京,高匿,HTTPS,0.018秒,0.003秒,5天,2018/11/11 7:56
221.6.32.206:50925,江苏南京,高匿,HTTPS,0.171秒,0.034秒,46天,2018/11/11 7:55
221.229.18.206:3128,江苏扬州,高匿,HTTPS,3.331秒,0.666秒,1分钟,2018/11/11 7:44
116.228.53.234:43414,上海,高匿,HTTP,0.162秒,0.032秒,46天,2018/11/11 7:44
119.3.20.128:80,江西南昌,高匿,HTTPS,0.119秒,0.023秒,79天,2018/11/11 7:30
123.180.69.222:8010,河北邢台,高匿,HTTP,1.41秒,0.282秒,175天,2018/11/11 7:22
140.207.25.114:41471,上海,高匿,HTTPS,0.149秒,0.029秒,51天,2018/11/11 7:22
115.46.72.212:8123,广西南宁,高匿,HTTPS,3.572秒,0.714秒,396天,2018/11/11 7:11
124.193.135.242:54219,北京,高匿,HTTP,0.027秒,0.005秒,61天,2018/11/11 7:11
117.85.84.223:53128,江苏无锡,高匿,HTTPS,1.933秒,0.386秒,78天,2018/11/11 6:34
110.87.24.38:6666,福建厦门,高匿,HTTPS,1.222秒,0.244秒,1分钟,2018/11/11 6:33
114.215.149.170:8118,北京,高匿,HTTPS,0.079秒,0.015秒,31天,2018/11/11 6:31
180.119.65.220:808,江苏扬州,高匿,HTTP,0.733秒,0.146秒,584天,2018/11/11 6:15
124.113.251.41:8010,安徽六安,高匿,HTTPS,0.277秒,0.055秒,242天,2018/11/11 6:01
121.9.215.94:39545,广东佛山,高匿,HTTPS,6.657秒,1.331秒,45天,2018/11/11 6:00
125.112.36.52:48696,浙江金华,高匿,HTTP,1.521秒,0.304秒,25分钟,2018/11/11 5:41
111.226.188.220:8010,河北邢台,高匿,HTTP,1.546秒,0.309秒,3分钟,2018/11/11 5:33
59.57.151.126:37749,福建厦门,高匿,HTTPS,6.328秒,1.265秒,45天,2018/11/11 5:30
115.46.66.39:8123,广西南宁,高匿,HTTPS,0.206秒,0.041秒,175天,2018/11/11 5:30
182.88.185.38:8123,广西南宁,高匿,HTTP,0.245秒,0.049秒,1小时,2018/11/11 5:03
171.37.155.45:8123,广西,高匿,HTTP,0.928秒,0.185秒,4分钟,2018/11/11 4:20
115.223.99.98:8010,浙江温州,高匿,HTTPS,1.346秒,0.269秒,1分钟,2018/11/11 3:55
125.121.132.121:808,浙江杭州,高匿,HTTP,0.231秒,0.046秒,15分钟,2018/11/11 3:45
171.106.203.175:8123,广西玉林,高匿,HTTPS,0.386秒,0.077秒,2小时,2018/11/11 3:33
101.251.255.50:38187,北京,高匿,HTTP,6.989秒,1.397秒,43天,2018/11/11 3:15
182.88.4.166:8123,广西南宁,高匿,HTTPS,0.602秒,0.12秒,1分钟,2018/11/11 3:11
121.10.71.82:8118,广东江门,高匿,HTTP,5.586秒,1.117秒,27天,2018/11/11 3:07
122.115.78.240:38157,河南郑州,高匿,HTTP,3.703秒,0.74秒,57天,2018/11/11 2:46
60.208.32.201:80,山东济南,高匿,HTTPS,4.902秒,0.98秒,72天,2018/11/11 2:42
182.88.215.214:8123,广西南宁,高匿,HTTPS,5.323秒,1.064秒,19分钟,2018/11/11 2:41
182.88.15.207:8123,广西南宁,高匿,HTTP,0.263秒,0.052秒,1分钟,2018/11/11 2:31
182.88.191.175:8123,广西南宁,高匿,HTTP,0.352秒,0.07秒,905天,2018/11/11 2:30
180.118.243.174:61234,江苏镇江,高匿,HTTPS,0.415秒,0.083秒,410天,2018/11/11 2:22
220.173.106.168:63000,广西柳州,高匿,HTTP,0.284秒,0.056秒,118天,2018/11/11 2:05
116.192.175.93:41944,上海,高匿,HTTP,1.253秒,0.25秒,7天,2018/11/11 2:01
182.88.214.132:8123,广西南宁,高匿,HTTP,0.28秒,0.056秒,22分钟,2018/11/11 1:52
182.88.163.152:8123,广西南宁,高匿,HTTPS,0.296秒,0.059秒,31分钟,2018/11/11 1:43
14.204.20.95:8080,云南昆明,高匿,HTTPS,2.262秒,0.452秒,19天,2018/11/11 1:25
171.37.164.137:8123,广西,高匿,HTTPS,0.243秒,0.048秒,1小时,2018/11/11 1:20
115.46.72.114:8123,广西南宁,高匿,HTTPS,2.298秒,0.459秒,16分钟,2018/11/11 1:11
171.34.191.2:8123,江西,高匿,HTTPS,0.196秒,0.039秒,40分钟,2018/11/11 1:02
115.46.75.170:8123,广西南宁,高匿,HTTPS,0.524秒,0.104秒,288天,2018/11/11 1:00
115.46.73.17:8123,广西南宁,高匿,HTTP,6.589秒,1.317秒,12天,2018/11/11 0:55
218.25.131.121:47043,辽宁大连,高匿,HTTPS,0.124秒,0.024秒,4天,2018/11/11 0:55
121.19.96.197:8118,河北保定,高匿,HTTP,0.081秒,0.016秒,20小时,2018/11/11 0:30
171.106.203.184:8123,广西玉林,高匿,HTTPS,0.28秒,0.056秒,1分钟,2018/11/11 0:22
175.175.218.225:1133,辽宁抚顺,高匿,HTTPS,0.156秒,0.031秒,1分钟,2018/11/11 0:22
223.203.0.14:8080,北京,高匿,HTTPS,0.025秒,0.005秒,230天,2018/11/11 0:22
1.58.173.99:63000,黑龙江哈尔滨,高匿,HTTP,0.623秒,0.124秒,1118天,2018/11/11 0:21
222.183.208.9:8123,重庆,高匿,HTTP,0.254秒,0.05秒,1分钟,2018/11/11 0:15
222.183.208.24:8123,重庆,高匿,HTTP,0.299秒,0.059秒,1小时,2018/11/11 0:10
182.88.215.3:8123,广西南宁,高匿,HTTPS,2.555秒,0.511秒,17分钟,2018/11/11 0:01
116.237.67.127:58254,上海,高匿,HTTPS,0.162秒,0.032秒,39天,2018/11/10 23:44
110.87.25.38:6666,福建厦门,高匿,HTTPS,0.191秒,0.038秒,1分钟,2018/11/10 23:33
175.148.73.180:1133,辽宁葫芦岛,高匿,HTTP,0.271秒,0.054秒,32天,2018/11/10 23:30
218.72.109.223:18118,浙江杭州,高匿,HTTPS,0.159秒,0.031秒,212天,2018/11/10 23:20
114.94.10.232:43376,上海,高匿,HTTPS,0.813秒,0.162秒,17天,2018/11/10 23:17
117.88.217.18:8118,江苏南京,高匿,HTTPS,7.141秒,1.428秒,4天,2018/11/10 23:00
115.46.78.180:8123,广西南宁,高匿,HTTP,0.327秒,0.065秒,24分钟,2018/11/10 22:41
221.229.18.186:3128,江苏扬州,高匿,HTTPS,0.525秒,0.105秒,2小时,2018/11/10 22:26
121.225.24.166:3128,江苏南京,高匿,HTTPS,3.179秒,0.635秒,1分钟,2018/11/10 22:22
115.46.81.255:8123,广西南宁,高匿,HTTPS,0.64秒,0.128秒,1分钟,2018/11/10 22:11
115.196.147.75:8118,浙江杭州,高匿,HTTPS,0.217秒,0.043秒,18小时,2018/11/10 22:00
221.10.159.234:1337,四川内江,高匿,HTTP,0.447秒,0.089秒,1112天,2018/11/10 21:51
182.88.91.227:8123,广西南宁,高匿,HTTPS,0.364秒,0.072秒,1分钟,2018/11/10 21:45
121.31.195.184:8123,广西桂林,高匿,HTTP,3.023秒,0.604秒,824天,2018/11/10 21:45
157.0.210.242:53909,江苏,高匿,HTTP,0.209秒,0.041秒,36天,2018/11/10 21:33
180.110.5.83:3128,江苏南京,高匿,HTTP,3.116秒,0.623秒,201天,2018/11/10 21:22
115.219.108.28:8010,浙江温州,高匿,HTTPS,7.268秒,1.453秒,1分钟,2018/11/10 21:11
27.43.82.106:8080,广东揭阳,高匿,HTTP,6.131秒,1.226秒,897天,2018/11/10 21:10
180.110.7.219:3128,江苏南京,高匿,HTTPS,0.353秒,0.07秒,1分钟,2018/11/10 21:00
182.88.160.127:8123,广西南宁,高匿,HTTP,0.37秒,0.074秒,1分钟,2018/11/10 21:00
120.78.194.204:80,长城宽带,高匿,HTTP,0.206秒,0.041秒,8小时,2018/11/10 20:51
171.37.164.204:8123,广西,高匿,HTTPS,1.258秒,0.251秒,5分钟,2018/11/10 20:50
112.98.126.100:41578,黑龙江大庆,高匿,HTTP,2.683秒,0.536秒,45天,2018/11/10 20:44
118.181.226.216:36430,甘肃兰州,高匿,HTTP,0.261秒,0.052秒,2天,2018/11/10 20:44
61.178.127.14:80,甘肃白银,高匿,HTTPS,0.165秒,0.033秒,3天,2018/11/10 20:43
171.37.164.212:8123,广西,高匿,HTTP,0.269秒,0.053秒,10分钟,2018/11/10 20:41
121.31.194.130:8123,广西桂林,高匿,HTTP,0.847秒,0.169秒,962天,2018/11/10 20:40
218.75.69.50:39590,浙江杭州,高匿,HTTPS,0.179秒,0.035秒,39天,2018/11/10 20:33
121.31.192.36:8123,广西桂林,高匿,HTTPS,2.376秒,0.475秒,8分钟,2018/11/10 20:30
58.56.108.226:43296,山东济南,高匿,HTTPS,0.102秒,0.02秒,39天,2018/11/10 20:22
121.31.194.246:8123,广西桂林,高匿,HTTP,0.326秒,0.065秒,1015天,2018/11/10 20:11
121.31.176.103:8123,广西北海,高匿,HTTPS,0.509秒,0.101秒,47分钟,2018/11/10 20:10
123.127.93.188:57985,北京,高匿,HTTPS,4.426秒,0.885秒,20天,2018/11/10 20:00
183.15.123.214:3128,广东深圳,高匿,HTTPS,1.822秒,0.364秒,1分钟,2018/11/10 20:00
117.85.219.39:8123,江苏无锡,高匿,HTTPS,0.54秒,0.108秒,1分钟,2018/11/10 19:46
121.31.194.205:8123,广西桂林,高匿,HTTP,1.229秒,0.245秒,998天,2018/11/10 19:46
119.1.97.193:60916,贵州黔西南州兴义,高匿,HTTPS,0.398秒,0.079秒,32天,2018/11/10 19:45
180.110.4.11:3128,江苏南京,高匿,HTTPS,1.796秒,0.359秒,1分钟,2018/11/10 19:45
117.114.149.66:53281,北京,高匿,HTTPS,0.027秒,0.005秒,97天,2018/11/10 19:32
116.192.171.51:48565,上海,高匿,HTTP,3.016秒,0.603秒,28天,2018/11/10 19:30
121.31.194.174:8123,广西桂林,高匿,HTTPS,4.217秒,0.843秒,1分钟,2018/11/10 19:22
115.46.64.76:8123,广西南宁,高匿,HTTPS,0.217秒,0.043秒,40分钟,2018/11/10 19:03
112.80.91.115:8123,江苏南京,高匿,HTTPS,7.184秒,1.436秒,1分钟,2018/11/10 19:01
58.244.44.162:8123,吉林长春,高匿,HTTPS,0.143秒,0.028秒,10小时,2018/11/10 19:00
113.244.102.187:808,湖南永州,高匿,HTTP,1.12秒,0.224秒,8小时,2018/11/10 18:50
218.24.16.198:43620,辽宁铁岭,高匿,HTTPS,0.154秒,0.03秒,32天,2018/11/10 18:46
180.121.128.225:808,江苏南通,高匿,HTTPS,4.235秒,0.847秒,236天,2018/11/10 18:45
42.55.255.7:1133,辽宁,高匿,HTTP,0.194秒,0.038秒,77天,2018/11/10 18:42
59.173.75.7:3128,湖北武汉市武昌区,高匿,HTTPS,1.665秒,0.333秒,79天,2018/11/10 18:33
121.31.143.141:8123,广西北海,高匿,HTTP,5.311秒,1.062秒,682天,2018/11/10 18:30
